Pair ID,Schedule Type,Order Number,Scene Number,Actors,Equipment,Location,Duration
2,Schedule Plan 1,1,Scene 1,"Laura Neumann, Peter Schmidt","Camera D, Microphone X",München Marienplatz,2h
2,Schedule Plan 1,2,Scene 2,"Peter Schmidt, Marco Weber, Laura Neumann","Microphone X, Camera E",Olympiapark München,1h
2,Schedule Plan 1,3,Scene 3,"Marco Weber, Julia Stein","Gimbal F, Camera E",Englischer Garten,3h
2,Schedule Plan 2,1,Scene 1,"Laura Neumann, Peter Schmidt","Camera D, Microphone X",München Marienplatz,2h
2,Schedule Plan 2,2,Scene 3,"Marco Weber, Julia Stein","Gimbal F, Camera E",Englischer Garten,3h
2,Schedule Plan 2,3,Scene 2,"Peter Schmidt, Marco Weber, Laura Neumann","Microphone X, Camera E",Olympiapark München,1h
3,Schedule Plan 1,1,Scene 1,"Anna Meier, Max Müller","Camera A, Boom Mic B",Berlin Alexanderplatz,2h
3,Schedule Plan 1,2,Scene 2,"Max Müller, Julia Fischer","Camera A, Microphone C",Potsdamer Platz,1h
3,Schedule Plan 1,3,Scene 3,"Julia Fischer, Tim Bauer","Microphone C, Drone D",Brandenburger Tor,3h
3,Schedule Plan 2,1,Scene 1,"Anna Meier, Max Müller","Camera A, Boom Mic B",Berlin Alexanderplatz,2h
3,Schedule Plan 2,2,Scene 3,"Julia Fischer, Tim Bauer","Microphone C, Drone D",Brandenburger Tor,3h
3,Schedule Plan 2,3,Scene 2,"Max Müller, Julia Fischer","Camera A, Microphone C",Potsdamer Platz,1h
4,Schedule Plan 1,1,Scene 1,"Sophie Klein, Ben Neumann","Camera E, Lighting F",Hamburg Hafen,2h
4,Schedule Plan 1,2,Scene 2,"Ben Neumann, Sarah Wolf","Camera E, Microphone G",Reeperbahn,1h
4,Schedule Plan 1,3,Scene 3,"Sarah Wolf, Paul Weber","Microphone G, Drone H",Speicherstadt,3h
4,Schedule Plan 2,1,Scene 1,"Sophie Klein, Ben Neumann","Camera E, Lighting F",Hamburg Hafen,2h
4,Schedule Plan 2,2,Scene 3,"Sarah Wolf, Paul Weber","Microphone G, Drone H",Speicherstadt,3h
4,Schedule Plan 2,3,Scene 2,"Ben Neumann, Sarah Wolf","Camera E, Microphone G",Reeperbahn,1h
5,Schedule Plan 1,1,Scene 1,"Clara Wagner, Tom Schmitt","Camera I, Boom Mic J",München Marienplatz,3h
5,Schedule Plan 1,2,Scene 2,"Tom Schmitt, Lisa Braun","Camera I, Gimbal K",Olympiapark München,1h
5,Schedule Plan 1,3,Scene 3,"Lisa Braun, Mark Richter","Gimbal K, Drone L",Englischer Garten,2h
5,Schedule Plan 2,1,Scene 1,"Clara Wagner, Tom Schmitt","Camera I, Boom Mic J",München Marienplatz,3h
5,Schedule Plan 2,2,Scene 3,"Lisa Braun, Mark Richter","Gimbal K, Drone L",Englischer Garten,2h
5,Schedule Plan 2,3,Scene 2,"Tom Schmitt, Lisa Braun","Camera I, Gimbal K",Olympiapark München,1h
6,Schedule Plan 1,1,Scene 1,"Nina Hoffmann, Alex Meier","Camera M, Tripod N",Frankfurt Römer,2h
6,Schedule Plan 1,2,Scene 2,"Alex Meier, Eva Schulz","Camera M, Microphone O, Tripod N",Zeil Frankfurt,1h
6,Schedule Plan 1,3,Scene 3,"Eva Schulz, Chris Weber","Microphone O, Drone P",Palmengarten,3h
6,Schedule Plan 2,1,Scene 1,"Nina Hoffmann, Alex Meier","Camera M, Tripod N",Frankfurt Römer,2h
6,Schedule Plan 2,2,Scene 3,"Eva Schulz, Chris Weber","Microphone O, Drone P",Palmengarten,3h
6,Schedule Plan 2,3,Scene 2,"Alex Meier, Eva Schulz","Camera M, Microphone O, Tripod N",Zeil Frankfurt,1h
7,Schedule Plan 1,1,Scene 1,"Leon Berger, Mia Klein","Camera Q, Drone R",Kölner Dom,3h
7,Schedule Plan 1,2,Scene 2,"Mia Klein, Felix Braun","Camera Q, Gimbal S",Rheinufer,1h
7,Schedule Plan 1,3,Scene 3,"Felix Braun, Laura Weber","Gimbal S, Microphone T",Kölner Zoo,2h
7,Schedule Plan 2,1,Scene 1,"Leon Berger, Mia Klein","Camera Q, Drone R",Kölner Dom,3h
7,Schedule Plan 2,2,Scene 3,"Felix Braun, Laura Weber","Gimbal S, Microphone T",Kölner Zoo,2h
7,Schedule Plan 2,3,Scene 2,"Mia Klein, Felix Braun","Camera Q, Gimbal S",Rheinufer,1h
8,Schedule Plan 1,1,Scene 1,"Anna Fischer, Tom Becker","Camera U, Microphone V",Stuttgart Schlossplatz,2h
8,Schedule Plan 1,2,Scene 2,"Tom Becker, Lisa Meier","Camera U, Drone W",Wilhelma,1h
8,Schedule Plan 1,3,Scene 3,"Lisa Meier, Max Hoffmann","Drone W, Gimbal X",Königstraße,3h
8,Schedule Plan 2,1,Scene 1,"Anna Fischer, Tom Becker","Camera U, Microphone V",Stuttgart Schlossplatz,2h
8,Schedule Plan 2,2,Scene 3,"Lisa Meier, Max Hoffmann","Drone W, Gimbal X",Königstraße,3h
8,Schedule Plan 2,3,Scene 2,"Tom Becker, Lisa Meier","Camera U, Drone W",Wilhelma,1h
9,Schedule Plan 1,1,Scene 1,"Lena Schmidt, Jan Fischer","Camera Y, Tripod Z",Leipzig Hauptbahnhof,3h
9,Schedule Plan 1,2,Scene 2,"Jan Fischer, Marie Klein","Camera Y, Gimbal A",Völkerschlachtdenkmal,1h
9,Schedule Plan 1,3,Scene 3,"Marie Klein, Mark Weber","Gimbal A, Microphone B",Leipziger Zoo,2h
9,Schedule Plan 2,1,Scene 1,"Lena Schmidt, Jan Fischer","Camera Y, Tripod Z",Leipzig Hauptbahnhof,3h
9,Schedule Plan 2,2,Scene 3,"Marie Klein, Mark Weber","Gimbal A, Microphone B",Leipziger Zoo,2h
9,Schedule Plan 2,3,Scene 2,"Jan Fischer, Marie Klein","Camera Y, Gimbal A",Völkerschlachtdenkmal,1h
10,Schedule Plan 1,1,Scene 1,"Nora Fischer, Max Weber, Laura Müller","Lens L, Gimbal M",Berliner Fernsehturm,2h
10,Schedule Plan 1,2,Scene 2,"Max Weber, Clara Meyer, Laura Müller","Gimbal M, Drone N",Potsdamer Platz,1h
10,Schedule Plan 1,3,Scene 3,"Clara Meyer, Nora Fischer","Drone N, Lens S",Alexanderplatz,3h
10,Schedule Plan 2,1,Scene 1,"Nora Fischer, Max Weber, Laura Müller","Lens L, Gimbal M",Berliner Fernsehturm,2h
10,Schedule Plan 2,2,Scene 3,"Clara Meyer, Nora Fischer","Drone N, Lens S",Alexanderplatz,3h
10,Schedule Plan 2,3,Scene 2,"Max Weber, Clara Meyer, Laura Müller","Gimbal M, Drone N",Potsdamer Platz,1h
11,Schedule Plan 1,1,Scene 1,"Skyler Taylor, Casey Johnson","Drone J, Camera D",Bahnhofstrasse,2h
11,Schedule Plan 1,2,Scene 2,"Skyler Taylor, Morgan Lee","Drone J, Camera D",Bellevue,1h
11,Schedule Plan 1,3,Scene 3,"Skyler Taylor, Jordan Davis","Drone J, Camera D",Bahnhofstrasse,3h
11,Schedule Plan 1,4,Scene 4,"Casey Johnson, Jamie Taylor","Drone J, Camera D",Zürich Zentrum,2h
11,Schedule Plan 1,5,Scene 5,"Morgan Lee, Jordan Davis","Drone J, Camera D",Bahnhofstrasse,1h
11,Schedule Plan 2,1,Scene 1,"Skyler Taylor, Casey Johnson","Drone J, Camera D",Bahnhofstrasse,2h
11,Schedule Plan 2,2,Scene 3,"Skyler Taylor, Jordan Davis","Drone J, Camera D",Bahnhofstrasse,3h
11,Schedule Plan 2,3,Scene 2,"Skyler Taylor, Morgan Lee","Drone J, Camera D",Bellevue,1h
11,Schedule Plan 2,4,Scene 5,"Morgan Lee, Jordan Davis","Drone J, Camera D",Bahnhofstrasse,1h
11,Schedule Plan 2,5,Scene 4,"Casey Johnson, Jamie Taylor","Drone J, Camera D",Zürich Zentrum,2h
12,Schedule Plan 1,1,Scene 1,"Jordan Davis, Morgan Lee","Boom Mic D, Camera D",Zürich Zentrum,2h
12,Schedule Plan 1,2,Scene 2,"Jordan Davis, Jamie Taylor","Boom Mic D, Camera D",Bellevue,3h
12,Schedule Plan 1,3,Scene 3,"Casey Johnson, Skyler Taylor","Boom Mic D, Camera D",Bahnhofstrasse,1h
12,Schedule Plan 1,4,Scene 4,"Skyler Taylor, Morgan Lee","Boom Mic D, Camera D",Zürich Zentrum,2h
12,Schedule Plan 1,5,Scene 5,"Jamie Taylor, Morgan Lee","Boom Mic D, Camera D",Bahnhofstrasse,1h
12,Schedule Plan 2,1,Scene 1,"Jordan Davis, Morgan Lee","Boom Mic D, Camera D",Zürich Zentrum,2h
12,Schedule Plan 2,2,Scene 5,"Jamie Taylor, Morgan Lee","Boom Mic D, Camera D",Bahnhofstrasse,1h
12,Schedule Plan 2,3,Scene 2,"Jordan Davis, Jamie Taylor","Boom Mic D, Camera D",Bellevue,3h
12,Schedule Plan 2,4,Scene 4,"Skyler Taylor, Morgan Lee","Boom Mic D, Camera D",Zürich Zentrum,2h
12,Schedule Plan 2,5,Scene 3,"Casey Johnson, Skyler Taylor","Boom Mic D, Camera D",Bahnhofstrasse,1h
13,Schedule Plan 1,1,Scene 1,"Morgan Lee, Skyler Taylor","Drone H, Camera D",Bellevue,1h
13,Schedule Plan 1,2,Scene 2,"Skyler Taylor, Casey Johnson","Drone H, Camera D",Bahnhofstrasse,2h
13,Schedule Plan 1,3,Scene 3,"Casey Johnson, Jordan Davis","Drone H, Camera D",Zürich Zentrum,3h
13,Schedule Plan 1,4,Scene 4,"Jordan Davis, Jamie Taylor","Drone H, Camera D",Bellevue,2h
13,Schedule Plan 1,5,Scene 5,"Jamie Taylor, Morgan Lee","Drone H, Camera D",Zürich Zentrum,1h
13,Schedule Plan 2,1,Scene 1,"Morgan Lee, Skyler Taylor","Drone H, Camera D",Bellevue,1h
13,Schedule Plan 2,2,Scene 5,"Jamie Taylor, Morgan Lee","Drone H, Camera D",Zürich Zentrum,1h
13,Schedule Plan 2,3,Scene 3,"Casey Johnson, Jordan Davis","Drone H, Camera D",Zürich Zentrum,3h
13,Schedule Plan 2,4,Scene 2,"Skyler Taylor, Casey Johnson","Drone H, Camera D",Bahnhofstrasse,2h
13,Schedule Plan 2,5,Scene 4,"Jordan Davis, Jamie Taylor","Drone H, Camera D",Bellevue,2h
14,Schedule Plan 1,1,Scene 1,"Skyler Taylor, Casey Johnson","Microphone X, Camera E",Bellevue,3h
14,Schedule Plan 1,2,Scene 2,"Casey Johnson, Jordan Davis","Microphone X, Camera E",Zürich Zentrum,2h
14,Schedule Plan 1,3,Scene 3,"Jordan Davis, Morgan Lee","Microphone X, Camera E",Bahnhofstrasse,1h
14,Schedule Plan 1,4,Scene 4,"Morgan Lee, Jamie Taylor","Microphone X, Camera E",Bellevue,3h
14,Schedule Plan 1,5,Scene 5,"Jamie Taylor, Skyler Taylor","Microphone X, Camera E",Zürich Zentrum,1h
14,Schedule Plan 2,1,Scene 1,"Skyler Taylor, Casey Johnson","Microphone X, Camera E",Bellevue,3h
14,Schedule Plan 2,2,Scene 5,"Jamie Taylor, Skyler Taylor","Microphone X, Camera E",Zürich Zentrum,1h
14,Schedule Plan 2,3,Scene 2,"Casey Johnson, Jordan Davis","Microphone X, Camera E",Zürich Zentrum,2h
14,Schedule Plan 2,4,Scene 4,"Morgan Lee, Jamie Taylor","Microphone X, Camera E",Bellevue,3h
14,Schedule Plan 2,5,Scene 3,"Jordan Davis, Morgan Lee","Microphone X, Camera E",Bahnhofstrasse,1h
15,Schedule Plan 1,1,Scene 1,"Morgan Lee, Jordan Davis","Camera A, Drone J",Bahnhofstrasse,2h
15,Schedule Plan 1,2,Scene 2,"Jordan Davis, Jamie Taylor","Camera A, Drone J",Bellevue,3h
15,Schedule Plan 1,3,Scene 3,"Jamie Taylor, Skyler Taylor","Camera A, Drone J",Zürich Zentrum,1h
15,Schedule Plan 1,4,Scene 4,"Skyler Taylor, Casey Johnson","Camera A, Drone J",Bahnhofstrasse,2h
15,Schedule Plan 1,5,Scene 5,"Casey Johnson, Morgan Lee","Camera A, Drone J",Bellevue,1h
15,Schedule Plan 2,1,Scene 1,"Morgan Lee, Jordan Davis","Camera A, Drone J",Bahnhofstrasse,2h
15,Schedule Plan 2,2,Scene 5,"Casey Johnson, Morgan Lee","Camera A, Drone J",Bellevue,1h
15,Schedule Plan 2,3,Scene 2,"Jordan Davis, Jamie Taylor","Camera A, Drone J",Bellevue,3h
15,Schedule Plan 2,4,Scene 4,"Skyler Taylor, Casey Johnson","Camera A, Drone J",Bahnhofstrasse,2h
15,Schedule Plan 2,5,Scene 3,"Jamie Taylor, Skyler Taylor","Camera A, Drone J",Zürich Zentrum,1h
16,Schedule Plan 1,1,Scene 1,"Skyler Taylor, Morgan Lee","Boom Mic C, Camera B",Bahnhofstrasse,1h
16,Schedule Plan 1,2,Scene 2,"Morgan Lee, Casey Johnson","Boom Mic C, Camera B",Bellevue,2h
16,Schedule Plan 1,3,Scene 3,"Casey Johnson, Jamie Taylor","Boom Mic C, Camera B",Zürich Zentrum,3h
16,Schedule Plan 1,4,Scene 4,"Jamie Taylor, Jordan Davis","Boom Mic C, Camera B",Bahnhofstrasse,2h
16,Schedule Plan 1,5,Scene 5,"Jordan Davis, Skyler Taylor","Boom Mic C, Camera B",Bellevue,1h
16,Schedule Plan 2,1,Scene 1,"Skyler Taylor, Morgan Lee","Boom Mic C, Camera B",Bahnhofstrasse,1h
16,Schedule Plan 2,2,Scene 5,"Jordan Davis, Skyler Taylor","Boom Mic C, Camera B",Bellevue,1h
16,Schedule Plan 2,3,Scene 2,"Morgan Lee, Casey Johnson","Boom Mic C, Camera B",Bellevue,2h
16,Schedule Plan 2,4,Scene 4,"Jamie Taylor, Jordan Davis","Boom Mic C, Camera B",Bahnhofstrasse,2h
16,Schedule Plan 2,5,Scene 3,"Casey Johnson, Jamie Taylor","Boom Mic C, Camera B",Zürich Zentrum,3h
17,Schedule Plan 1,1,Scene 1,"Casey Johnson, Skyler Taylor","Drone J, Camera D",Bellevue,3h
17,Schedule Plan 1,2,Scene 2,"Jordan Davis, Jamie Taylor","Drone J, Camera D",Zürich Zentrum,2h
17,Schedule Plan 1,3,Scene 3,"Morgan Lee, Casey Johnson","Drone J, Camera D",Bahnhofstrasse,1h
17,Schedule Plan 1,4,Scene 4,"Skyler Taylor, Jordan Davis","Drone J, Camera D",Bellevue,3h
17,Schedule Plan 1,5,Scene 5,"Jamie Taylor, Morgan Lee","Drone J, Camera D",Zürich Zentrum,1h
17,Schedule Plan 2,1,Scene 1,"Casey Johnson, Skyler Taylor","Drone J, Camera D",Bellevue,3h
17,Schedule Plan 2,2,Scene 5,"Jamie Taylor, Morgan Lee","Drone J, Camera D",Zürich Zentrum,1h
17,Schedule Plan 2,3,Scene 2,"Jordan Davis, Jamie Taylor","Drone J, Camera D",Zürich Zentrum,2h
17,Schedule Plan 2,4,Scene 4,"Skyler Taylor, Jordan Davis","Drone J, Camera D",Bellevue,3h
17,Schedule Plan 2,5,Scene 3,"Morgan Lee, Casey Johnson","Drone J, Camera D",Bahnhofstrasse,1h
18,Schedule Plan 1,1,Scene 1,"Jordan Davis, Casey Johnson","Drone J, Camera D",Bellevue,3h
18,Schedule Plan 1,2,Scene 2,"Skyler Taylor, Morgan Lee","Drone J, Camera D",Zürich Zentrum,2h
18,Schedule Plan 1,3,Scene 3,"Jamie Taylor, Jordan Davis","Drone J, Camera D",Bahnhofstrasse,1h
18,Schedule Plan 1,4,Scene 4,"Casey Johnson, Skyler Taylor","Drone J, Camera D",Bellevue,3h
18,Schedule Plan 1,5,Scene 5,"Morgan Lee, Jamie Taylor","Drone J, Camera D",Zürich Zentrum,1h
18,Schedule Plan 2,1,Scene 1,"Jordan Davis, Casey Johnson","Drone J, Camera D",Bellevue,3h
18,Schedule Plan 2,2,Scene 5,"Morgan Lee, Jamie Taylor","Drone J, Camera D",Zürich Zentrum,1h
18,Schedule Plan 2,3,Scene 2,"Skyler Taylor, Morgan Lee","Drone J, Camera D",Zürich Zentrum,2h
18,Schedule Plan 2,4,Scene 4,"Casey Johnson, Skyler Taylor","Drone J, Camera D",Bellevue,3h
18,Schedule Plan 2,5,Scene 3,"Jamie Taylor, Jordan Davis","Drone J, Camera D",Bahnhofstrasse,1h
19,Schedule Plan 1,1,Scene 1,"Morgan Lee, Casey Johnson","Drone J, Camera D",Bellevue,3h
19,Schedule Plan 1,2,Scene 2,"Jordan Davis, Skyler Taylor","Drone J, Camera D",Zürich Zentrum,2h
19,Schedule Plan 1,3,Scene 3,"Casey Johnson, Jamie Taylor","Drone J, Camera D",Bahnhofstrasse,1h
19,Schedule Plan 1,4,Scene 4,"Skyler Taylor, Morgan Lee","Drone J, Camera D",Bellevue,3h
19,Schedule Plan 1,5,Scene 5,"Jamie Taylor, Jordan Davis","Drone J, Camera D",Zürich Zentrum,1h
19,Schedule Plan 2,1,Scene 1,"Morgan Lee, Casey Johnson","Drone J, Camera D",Bellevue,3h
19,Schedule Plan 2,2,Scene 5,"Jamie Taylor, Jordan Davis","Drone J, Camera D",Zürich Zentrum,1h
19,Schedule Plan 2,3,Scene 2,"Jordan Davis, Skyler Taylor","Drone J, Camera D",Zürich Zentrum,2h
19,Schedule Plan 2,4,Scene 4,"Skyler Taylor, Morgan Lee","Drone J, Camera D",Bellevue,3h
19,Schedule Plan 2,5,Scene 3,"Casey Johnson, Jamie Taylor","Drone J, Camera D",Bahnhofstrasse,1h
20,Schedule Plan 1,1,Scene 1,"Jordan Davis, Skyler Taylor","Drone J, Camera D",Bellevue,3h
20,Schedule Plan 1,2,Scene 2,"Casey Johnson, Jamie Taylor","Drone J, Camera D",Zürich Zentrum,2h
20,Schedule Plan 1,3,Scene 3,"Morgan Lee, Jordan Davis","Drone J, Camera D",Bahnhofstrasse,1h
20,Schedule Plan 1,4,Scene 4,"Skyler Taylor, Casey Johnson","Drone J, Camera D",Bellevue,3h
20,Schedule Plan 1,5,Scene 5,"Jamie Taylor, Morgan Lee","Drone J, Camera D",Zürich Zentrum,1h
20,Schedule Plan 2,1,Scene 1,"Jordan Davis, Skyler Taylor","Drone J, Camera D",Bellevue,3h
20,Schedule Plan 2,2,Scene 5,"Jamie Taylor, Morgan Lee","Drone J, Camera D",Zürich Zentrum,1h
20,Schedule Plan 2,3,Scene 2,"Casey Johnson, Jamie Taylor","Drone J, Camera D",Zürich Zentrum,2h
20,Schedule Plan 2,4,Scene 4,"Skyler Taylor, Casey Johnson","Drone J, Camera D",Bellevue,3h
20,Schedule Plan 2,5,Scene 3,"Morgan Lee, Jordan Davis","Drone J, Camera D",Bahnhofstrasse,1h
21,Schedule Plan 1,1,Scene 1,"Casey Johnson, Skyler Taylor","Drone J, Camera D",Bellevue,3h
21,Schedule Plan 1,2,Scene 2,"Jordan Davis, Jamie Taylor","Drone J, Camera D",Zürich Zentrum,2h
21,Schedule Plan 1,3,Scene 3,"Morgan Lee, Casey Johnson","Drone J, Camera D",Bahnhofstrasse,1h
21,Schedule Plan 1,4,Scene 4,"Skyler Taylor, Jordan Davis","Drone J, Camera D",Bellevue,3h
21,Schedule Plan 1,5,Scene 5,"Jamie Taylor, Morgan Lee","Drone J, Camera D",Zürich Zentrum,1h
21,Schedule Plan 2,1,Scene 1,"Casey Johnson, Skyler Taylor","Drone J, Camera D",Bellevue,3h
21,Schedule Plan 2,2,Scene 5,"Jamie Taylor, Morgan Lee","Drone J, Camera D",Zürich Zentrum,1h
21,Schedule Plan 2,3,Scene 2,"Jordan Davis, Jamie Taylor","Drone J, Camera D",Zürich Zentrum,2h
21,Schedule Plan 2,4,Scene 4,"Skyler Taylor, Jordan Davis","Drone J, Camera D",Bellevue,3h
21,Schedule Plan 2,5,Scene 3,"Morgan Lee, Casey Johnson","Drone J, Camera D",Bahnhofstrasse,1h
22,Schedule Plan 1,1,Scene 1,"Morgan Lee, Jamie Taylor","Drone J, Camera D",Bellevue,3h
22,Schedule Plan 1,2,Scene 2,"Jordan Davis, Skyler Taylor","Drone J, Camera D",Zürich Zentrum,2h
22,Schedule Plan 1,3,Scene 3,"Casey Johnson, Morgan Lee","Drone J, Camera D",Bahnhofstrasse,1h
22,Schedule Plan 1,4,Scene 4,"Skyler Taylor, Casey Johnson","Drone J, Camera D",Bellevue,3h
22,Schedule Plan 1,5,Scene 5,"Jamie Taylor, Jordan Davis","Drone J, Camera D",Zürich Zentrum,1h
22,Schedule Plan 2,1,Scene 1,"Morgan Lee, Jamie Taylor","Drone J, Camera D",Bellevue,3h
22,Schedule Plan 2,2,Scene 5,"Jamie Taylor, Jordan Davis","Drone J, Camera D",Zürich Zentrum,1h
22,Schedule Plan 2,3,Scene 2,"Jordan Davis, Skyler Taylor","Drone J, Camera D",Zürich Zentrum,2h
22,Schedule Plan 2,4,Scene 4,"Skyler Taylor, Casey Johnson","Drone J, Camera D",Bellevue,3h
22,Schedule Plan 2,5,Scene 3,"Casey Johnson, Morgan Lee","Drone J, Camera D",Bahnhofstrasse,1h
23,Schedule Plan 1,1,Scene 1,"Jordan Davis, Casey Johnson","Drone J, Camera D",Bellevue,3h
23,Schedule Plan 1,2,Scene 2,"Skyler Taylor, Morgan Lee","Drone J, Camera D",Zürich Zentrum,2h
23,Schedule Plan 1,3,Scene 3,"Jamie Taylor, Jordan Davis","Drone J, Camera D",Bahnhofstrasse,1h
23,Schedule Plan 1,4,Scene 4,"Casey Johnson, Skyler Taylor","Drone J, Camera D",Bellevue,3h
23,Schedule Plan 1,5,Scene 5,"Morgan Lee, Jamie Taylor","Drone J, Camera D",Zürich Zentrum,1h
23,Schedule Plan 2,1,Scene 1,"Jordan Davis, Casey Johnson","Drone J, Camera D",Bellevue,3h
23,Schedule Plan 2,2,Scene 5,"Morgan Lee, Jamie Taylor","Drone J, Camera D",Zürich Zentrum,1h
23,Schedule Plan 2,3,Scene 2,"Skyler Taylor, Morgan Lee","Drone J, Camera D",Zürich Zentrum,2h
23,Schedule Plan 2,4,Scene 4,"Casey Johnson, Skyler Taylor","Drone J, Camera D",Bellevue,3h
23,Schedule Plan 2,5,Scene 3,"Jamie Taylor, Jordan Davis","Drone J, Camera D",Bahnhofstrasse,1h
24,Schedule Plan 1,1,Scene 1,"Morgan Lee, Casey Johnson","Drone J, Camera D",Bellevue,3h
24,Schedule Plan 1,2,Scene 2,"Jordan Davis, Skyler Taylor","Drone J, Camera D",Zürich Zentrum,2h
24,Schedule Plan 1,3,Scene 3,"Casey Johnson, Jamie Taylor","Drone J, Camera D",Bahnhofstrasse,1h
24,Schedule Plan 1,4,Scene 4,"Skyler Taylor, Morgan Lee","Drone J, Camera D",Bellevue,3h
24,Schedule Plan 1,5,Scene 5,"Jamie Taylor, Jordan Davis","Drone J, Camera D",Zürich Zentrum,1h
24,Schedule Plan 2,1,Scene 1,"Morgan Lee, Casey Johnson","Drone J, Camera D",Bellevue,3h
24,Schedule Plan 2,2,Scene 5,"Jamie Taylor, Jordan Davis","Drone J, Camera D",Zürich Zentrum,1h
24,Schedule Plan 2,3,Scene 2,"Jordan Davis, Skyler Taylor","Drone J, Camera D",Zürich Zentrum,2h
24,Schedule Plan 2,4,Scene 4,"Skyler Taylor, Morgan Lee","Drone J, Camera D",Bellevue,3h
24,Schedule Plan 2,5,Scene 3,"Casey Johnson, Jamie Taylor","Drone J, Camera D",Bahnhofstrasse,1h
25,Schedule Plan 1,1,Scene 1,"Jordan Davis, Skyler Taylor","Drone J, Camera D",Bellevue,3h
25,Schedule Plan 1,2,Scene 2,"Casey Johnson, Jamie Taylor","Drone J, Camera D",Zürich Zentrum,2h
25,Schedule Plan 1,3,Scene 3,"Morgan Lee, Jordan Davis","Drone J, Camera D",Bahnhofstrasse,1h
25,Schedule Plan 1,4,Scene 4,"Skyler Taylor, Casey Johnson","Drone J, Camera D",Bellevue,3h
25,Schedule Plan 1,5,Scene 5,"Jamie Taylor, Morgan Lee","Drone J, Camera D",Zürich Zentrum,1h
25,Schedule Plan 2,1,Scene 1,"Jordan Davis, Skyler Taylor","Drone J, Camera D",Bellevue,3h
25,Schedule Plan 2,2,Scene 5,"Jamie Taylor, Morgan Lee","Drone J, Camera D",Zürich Zentrum,1h
25,Schedule Plan 2,3,Scene 2,"Casey Johnson, Jamie Taylor","Drone J, Camera D",Zürich Zentrum,2h
25,Schedule Plan 2,4,Scene 4,"Skyler Taylor, Casey Johnson","Drone J, Camera D",Bellevue,3h
25,Schedule Plan 2,5,Scene 3,"Morgan Lee, Jordan Davis","Drone J, Camera D",Bahnhofstrasse,1h
26,Schedule Plan 1,1,Scene 1,"Casey Johnson, Skyler Taylor","Drone J, Camera D",Bellevue,3h
26,Schedule Plan 1,2,Scene 2,"Jordan Davis, Jamie Taylor","Drone J, Camera D",Zürich Zentrum,2h
26,Schedule Plan 1,3,Scene 3,"Morgan Lee, Casey Johnson","Drone J, Camera D",Bahnhofstrasse,1h
26,Schedule Plan 1,4,Scene 4,"Skyler Taylor, Jordan Davis","Drone J, Camera D",Bellevue,3h
26,Schedule Plan 1,5,Scene 5,"Jamie Taylor, Morgan Lee","Drone J, Camera D",Zürich Zentrum,1h
26,Schedule Plan 2,1,Scene 1,"Casey Johnson, Skyler Taylor","Drone J, Camera D",Bellevue,3h
26,Schedule Plan 2,2,Scene 5,"Jamie Taylor, Morgan Lee","Drone J, Camera D",Zürich Zentrum,1h
26,Schedule Plan 2,3,Scene 2,"Jordan Davis, Jamie Taylor","Drone J, Camera D",Zürich Zentrum,2h
26,Schedule Plan 2,4,Scene 4,"Skyler Taylor, Jordan Davis","Drone J, Camera D",Bellevue,3h
26,Schedule Plan 2,5,Scene 3,"Morgan Lee, Casey Johnson","Drone J, Camera D",Bahnhofstrasse,1h
27,Schedule Plan 1,1,Scene 1,"Morgan Lee, Jamie Taylor","Drone J, Camera D",Bellevue,3h
27,Schedule Plan 1,2,Scene 2,"Jordan Davis, Skyler Taylor","Drone J, Camera D",Zürich Zentrum,2h
27,Schedule Plan 1,3,Scene 3,"Casey Johnson, Morgan Lee","Drone J, Camera D",Bahnhofstrasse,1h
27,Schedule Plan 1,4,Scene 4,"Skyler Taylor, Casey Johnson","Drone J, Camera D",Bellevue,3h
27,Schedule Plan 1,5,Scene 5,"Jamie Taylor, Jordan Davis","Drone J, Camera D",Zürich Zentrum,1h
27,Schedule Plan 2,1,Scene 1,"Morgan Lee, Jamie Taylor","Drone J, Camera D",Bellevue,3h
27,Schedule Plan 2,2,Scene 5,"Jamie Taylor, Jordan Davis","Drone J, Camera D",Zürich Zentrum,1h
27,Schedule Plan 2,3,Scene 2,"Jordan Davis, Skyler Taylor","Drone J, Camera D",Zürich Zentrum,2h
27,Schedule Plan 2,4,Scene 4,"Skyler Taylor, Casey Johnson","Drone J, Camera D",Bellevue,3h
27,Schedule Plan 2,5,Scene 3,"Casey Johnson, Morgan Lee","Drone J, Camera D",Bahnhofstrasse,1h
28,Schedule Plan 1,1,Scene 1,"Jordan Davis, Casey Johnson","Drone J, Camera D",Bellevue,3h
28,Schedule Plan 1,2,Scene 2,"Skyler Taylor, Morgan Lee","Drone J, Camera D",Zürich Zentrum,2h
28,Schedule Plan 1,3,Scene 3,"Jamie Taylor, Jordan Davis","Drone J, Camera D",Bahnhofstrasse,1h
28,Schedule Plan 1,4,Scene 4,"Casey Johnson, Skyler Taylor","Drone J, Camera D",Bellevue,3h
28,Schedule Plan 1,5,Scene 5,"Morgan Lee, Jamie Taylor","Drone J, Camera D",Zürich Zentrum,1h
28,Schedule Plan 2,1,Scene 1,"Jordan Davis, Casey Johnson","Drone J, Camera D",Bellevue,3h
28,Schedule Plan 2,2,Scene 5,"Morgan Lee, Jamie Taylor","Drone J, Camera D",Zürich Zentrum,1h
28,Schedule Plan 2,3,Scene 2,"Skyler Taylor, Morgan Lee","Drone J, Camera D",Zürich Zentrum,2h
28,Schedule Plan 2,4,Scene 4,"Casey Johnson, Skyler Taylor","Drone J, Camera D",Bellevue,3h
28,Schedule Plan 2,5,Scene 3,"Jamie Taylor, Jordan Davis","Drone J, Camera D",Bahnhofstrasse,1h
29,Schedule Plan 1,1,Scene 1,"Morgan Lee, Casey Johnson","Drone J, Camera D",Bellevue,3h
29,Schedule Plan 1,2,Scene 2,"Jordan Davis, Skyler Taylor","Drone J, Camera D",Zürich Zentrum,2h
29,Schedule Plan 1,3,Scene 3,"Casey Johnson, Jamie Taylor","Drone J, Camera D",Bahnhofstrasse,1h
29,Schedule Plan 1,4,Scene 4,"Skyler Taylor, Morgan Lee","Drone J, Camera D",Bellevue,3h
29,Schedule Plan 1,5,Scene 5,"Jamie Taylor, Jordan Davis","Drone J, Camera D",Zürich Zentrum,1h
29,Schedule Plan 2,1,Scene 1,"Morgan Lee, Casey Johnson","Drone J, Camera D",Bellevue,3h
29,Schedule Plan 2,2,Scene 5,"Jamie Taylor, Jordan Davis","Drone J, Camera D",Zürich Zentrum,1h
29,Schedule Plan 2,3,Scene 2,"Jordan Davis, Skyler Taylor","Drone J, Camera D",Zürich Zentrum,2h
29,Schedule Plan 2,4,Scene 4,"Skyler Taylor, Morgan Lee","Drone J, Camera D",Bellevue,3h
29,Schedule Plan 2,5,Scene 3,"Casey Johnson, Jamie Taylor","Drone J, Camera D",Bahnhofstrasse,1h
30,Schedule Plan 1,1,Scene 1,"Jordan Davis, Skyler Taylor","Drone J, Camera D",Bellevue,3h
30,Schedule Plan 1,2,Scene 2,"Casey Johnson, Jamie Taylor","Drone J, Camera D",Zürich Zentrum,2h
30,Schedule Plan 1,3,Scene 3,"Morgan Lee, Jordan Davis","Drone J, Camera D",Bahnhofstrasse,1h
30,Schedule Plan 1,4,Scene 4,"Skyler Taylor, Casey Johnson","Drone J, Camera D",Bellevue,3h
30,Schedule Plan 1,5,Scene 5,"Jamie Taylor, Morgan Lee","Drone J, Camera D",Zürich Zentrum,1h
30,Schedule Plan 2,1,Scene 1,"Jordan Davis, Skyler Taylor","Drone J, Camera D",Bellevue,3h
30,Schedule Plan 2,2,Scene 5,"Jamie Taylor, Morgan Lee","Drone J, Camera D",Zürich Zentrum,1h
30,Schedule Plan 2,3,Scene 2,"Casey Johnson, Jamie Taylor","Drone J, Camera D",Zürich Zentrum,2h
30,Schedule Plan 2,4,Scene 4,"Skyler Taylor, Casey Johnson","Drone J, Camera D",Bellevue,3h
30,Schedule Plan 2,5,Scene 3,"Morgan Lee, Jordan Davis","Drone J, Camera D",Bahnhofstrasse,1h
31,Schedule Plan 1,1,Scene 1,"Morgan Lee, Casey Johnson","Drone J, Camera D",Bellevue,3h
31,Schedule Plan 1,2,Scene 2,"Jordan Davis, Skyler Taylor","Drone J, Camera D",Zürich Zentrum,2h
31,Schedule Plan 1,3,Scene 3,"Casey Johnson, Jamie Taylor","Drone J, Camera D",Bahnhofstrasse,1h
31,Schedule Plan 1,4,Scene 4,"Skyler Taylor, Morgan Lee","Drone J, Camera D",Bellevue,3h
31,Schedule Plan 1,5,Scene 5,"Jamie Taylor, Jordan Davis","Drone J, Camera D",Zürich Zentrum,1h
31,Schedule Plan 2,1,Scene 1,"Morgan Lee, Casey Johnson","Drone J, Camera D",Bellevue,3h
31,Schedule Plan 2,2,Scene 5,"Jamie Taylor, Jordan Davis","Drone J, Camera D",Zürich Zentrum,1h
31,Schedule Plan 2,3,Scene 2,"Jordan Davis, Skyler Taylor","Drone J, Camera D",Zürich Zentrum,2h
31,Schedule Plan 2,4,Scene 4,"Skyler Taylor, Morgan Lee","Drone J, Camera D",Bellevue,3h
31,Schedule Plan 2,5,Scene 3,"Casey Johnson, Jamie Taylor","Drone J, Camera D",Bahnhofstrasse,1h
32,Schedule Plan 1,1,Scene 1,"Jordan Davis, Skyler Taylor","Drone J, Camera D",Bellevue,3h
32,Schedule Plan 1,2,Scene 2,"Casey Johnson, Jamie Taylor","Drone J, Camera D",Zürich Zentrum,2h
32,Schedule Plan 1,3,Scene 3,"Morgan Lee, Jordan Davis","Drone J, Camera D",Bahnhofstrasse,1h
32,Schedule Plan 1,4,Scene 4,"Skyler Taylor, Casey Johnson","Drone J, Camera D",Bellevue,3h
32,Schedule Plan 1,5,Scene 5,"Jamie Taylor, Morgan Lee","Drone J, Camera D",Zürich Zentrum,1h
32,Schedule Plan 2,1,Scene 1,"Jordan Davis, Skyler Taylor","Drone J, Camera D",Bellevue,3h
32,Schedule Plan 2,2,Scene 5,"Jamie Taylor, Morgan Lee","Drone J, Camera D",Zürich Zentrum,1h
32,Schedule Plan 2,3,Scene 2,"Casey Johnson, Jamie Taylor","Drone J, Camera D",Zürich Zentrum,2h
32,Schedule Plan 2,4,Scene 4,"Skyler Taylor, Casey Johnson","Drone J, Camera D",Bellevue,3h
32,Schedule Plan 2,5,Scene 3,"Morgan Lee, Jordan Davis","Drone J, Camera D",Bahnhofstrasse,1h
33,Schedule Plan 1,1,Scene 1,"Casey Johnson, Skyler Taylor","Drone J, Camera D",Bellevue,3h
33,Schedule Plan 1,2,Scene 2,"Jordan Davis, Jamie Taylor","Drone J, Camera D",Zürich Zentrum,2h
33,Schedule Plan 1,3,Scene 3,"Morgan Lee, Casey Johnson","Drone J, Camera D",Bahnhofstrasse,1h
33,Schedule Plan 1,4,Scene 4,"Skyler Taylor, Jordan Davis","Drone J, Camera D",Bellevue,3h
33,Schedule Plan 1,5,Scene 5,"Jamie Taylor, Morgan Lee","Drone J, Camera D",Zürich Zentrum,1h
33,Schedule Plan 2,1,Scene 1,"Casey Johnson, Skyler Taylor","Drone J, Camera D",Bellevue,3h
33,Schedule Plan 2,2,Scene 5,"Jamie Taylor, Morgan Lee","Drone J, Camera D",Zürich Zentrum,1h
33,Schedule Plan 2,3,Scene 2,"Jordan Davis, Jamie Taylor","Drone J, Camera D",Zürich Zentrum,2h
33,Schedule Plan 2,4,Scene 4,"Skyler Taylor, Jordan Davis","Drone J, Camera D",Bellevue,3h
33,Schedule Plan 2,5,Scene 3,"Morgan Lee, Casey Johnson","Drone J, Camera D",Bahnhofstrasse,1h
34,Schedule Plan 1,1,Scene 1,"Morgan Lee, Jamie Taylor","Drone J, Camera D",Bellevue,3h
34,Schedule Plan 1,2,Scene 2,"Jordan Davis, Skyler Taylor","Drone J, Camera D",Zürich Zentrum,2h
34,Schedule Plan 1,3,Scene 3,"Casey Johnson, Morgan Lee","Drone J, Camera D",Bahnhofstrasse,1h
34,Schedule Plan 1,4,Scene 4,"Skyler Taylor, Casey Johnson","Drone J, Camera D",Bellevue,3h
34,Schedule Plan 1,5,Scene 5,"Jamie Taylor, Jordan Davis","Drone J, Camera D",Zürich Zentrum,1h
34,Schedule Plan 2,1,Scene 1,"Morgan Lee, Jamie Taylor","Drone J, Camera D",Bellevue,3h
34,Schedule Plan 2,2,Scene 5,"Jamie Taylor, Jordan Davis","Drone J, Camera D",Zürich Zentrum,1h
34,Schedule Plan 2,3,Scene 2,"Jordan Davis, Skyler Taylor","Drone J, Camera D",Zürich Zentrum,2h
34,Schedule Plan 2,4,Scene 4,"Skyler Taylor, Casey Johnson","Drone J, Camera D",Bellevue,3h
34,Schedule Plan 2,5,Scene 3,"Casey Johnson, Morgan Lee","Drone J, Camera D",Bahnhofstrasse,1h
35,Schedule Plan 1,1,Scene 1,"Jordan Davis, Casey Johnson","Drone J, Camera D",Bellevue,3h
35,Schedule Plan 1,2,Scene 2,"Skyler Taylor, Morgan Lee","Drone J, Camera D",Zürich Zentrum,2h
35,Schedule Plan 1,3,Scene 3,"Jamie Taylor, Jordan Davis","Drone J, Camera D",Bahnhofstrasse,1h
35,Schedule Plan 1,4,Scene 4,"Casey Johnson, Skyler Taylor","Drone J, Camera D",Bellevue,3h
35,Schedule Plan 1,5,Scene 5,"Morgan Lee, Jamie Taylor","Drone J, Camera D",Zürich Zentrum,1h
35,Schedule Plan 2,1,Scene 1,"Jordan Davis, Casey Johnson","Drone J, Camera D",Bellevue,3h
35,Schedule Plan 2,2,Scene 5,"Morgan Lee, Jamie Taylor","Drone J, Camera D",Zürich Zentrum,1h
35,Schedule Plan 2,3,Scene 2,"Skyler Taylor, Morgan Lee","Drone J, Camera D",Zürich Zentrum,2h
35,Schedule Plan 2,4,Scene 4,"Casey Johnson, Skyler Taylor","Drone J, Camera D",Bellevue,3h
35,Schedule Plan 2,5,Scene 3,"Jamie Taylor, Jordan Davis","Drone J, Camera D",Bahnhofstrasse,1h
36,Schedule Plan 1,1,Scene 1,"Morgan Lee, Casey Johnson","Drone J, Camera D",Bellevue,3h
36,Schedule Plan 1,2,Scene 2,"Jordan Davis, Skyler Taylor","Drone J, Camera D",Zürich Zentrum,2h
36,Schedule Plan 1,3,Scene 3,"Casey Johnson, Jamie Taylor","Drone J, Camera D",Bahnhofstrasse,1h
36,Schedule Plan 1,4,Scene 4,"Skyler Taylor, Morgan Lee","Drone J, Camera D",Bellevue,3h
36,Schedule Plan 1,5,Scene 5,"Jamie Taylor, Jordan Davis","Drone J, Camera D",Zürich Zentrum,1h
36,Schedule Plan 2,1,Scene 1,"Morgan Lee, Casey Johnson","Drone J, Camera D",Bellevue,3h
36,Schedule Plan 2,2,Scene 5,"Jamie Taylor, Jordan Davis","Drone J, Camera D",Zürich Zentrum,1h
36,Schedule Plan 2,3,Scene 2,"Jordan Davis, Skyler Taylor","Drone J, Camera D",Zürich Zentrum,2h
36,Schedule Plan 2,4,Scene 4,"Skyler Taylor, Morgan Lee","Drone J, Camera D",Bellevue,3h
36,Schedule Plan 2,5,Scene 3,"Casey Johnson, Jamie Taylor","Drone J, Camera D",Bahnhofstrasse,1h
37,Schedule Plan 1,1,Scene 1,"Jordan Davis, Skyler Taylor","Drone J, Camera D",Bellevue,3h
37,Schedule Plan 1,2,Scene 2,"Casey Johnson, Jamie Taylor","Drone J, Camera D",Zürich Zentrum,2h
37,Schedule Plan 1,3,Scene 3,"Morgan Lee, Jordan Davis","Drone J, Camera D",Bahnhofstrasse,1h
37,Schedule Plan 1,4,Scene 4,"Skyler Taylor, Casey Johnson","Drone J, Camera D",Bellevue,3h
37,Schedule Plan 1,5,Scene 5,"Jamie Taylor, Morgan Lee","Drone J, Camera D",Zürich Zentrum,1h
37,Schedule Plan 2,1,Scene 1,"Jordan Davis, Skyler Taylor","Drone J, Camera D",Bellevue,3h
37,Schedule Plan 2,2,Scene 5,"Jamie Taylor, Morgan Lee","Drone J, Camera D",Zürich Zentrum,1h
37,Schedule Plan 2,3,Scene 2,"Casey Johnson, Jamie Taylor","Drone J, Camera D",Zürich Zentrum,2h
37,Schedule Plan 2,4,Scene 4,"Skyler Taylor, Casey Johnson","Drone J, Camera D",Bellevue,3h
37,Schedule Plan 2,5,Scene 3,"Morgan Lee, Jordan Davis","Drone J, Camera D",Bahnhofstrasse,1h
38,Schedule Plan 1,1,Scene 1,"Casey Johnson, Skyler Taylor","Drone J, Camera D",Bellevue,3h
38,Schedule Plan 1,2,Scene 2,"Jordan Davis, Jamie Taylor","Drone J, Camera D",Zürich Zentrum,2h
38,Schedule Plan 1,3,Scene 3,"Morgan Lee, Casey Johnson","Drone J, Camera D",Bahnhofstrasse,1h
38,Schedule Plan 1,4,Scene 4,"Skyler Taylor, Jordan Davis","Drone J, Camera D",Bellevue,3h
38,Schedule Plan 1,5,Scene 5,"Jamie Taylor, Morgan Lee","Drone J, Camera D",Zürich Zentrum,1h
38,Schedule Plan 2,1,Scene 1,"Casey Johnson, Skyler Taylor","Drone J, Camera D",Bellevue,3h
38,Schedule Plan 2,2,Scene 5,"Jamie Taylor, Morgan Lee","Drone J, Camera D",Zürich Zentrum,1h
38,Schedule Plan 2,3,Scene 2,"Jordan Davis, Jamie Taylor","Drone J, Camera D",Zürich Zentrum,2h
38,Schedule Plan 2,4,Scene 4,"Skyler Taylor, Jordan Davis","Drone J, Camera D",Bellevue,3h
38,Schedule Plan 2,5,Scene 3,"Morgan Lee, Casey Johnson","Drone J, Camera D",Bahnhofstrasse,1h
39,Schedule Plan 1,1,Scene 1,"Morgan Lee, Jamie Taylor","Drone J, Camera D",Bellevue,3h
39,Schedule Plan 1,2,Scene 2,"Jordan Davis, Skyler Taylor","Drone J, Camera D",Zürich Zentrum,2h
39,Schedule Plan 1,3,Scene 3,"Casey Johnson, Morgan Lee","Drone J, Camera D",Bahnhofstrasse,1h
39,Schedule Plan 1,4,Scene 4,"Skyler Taylor, Casey Johnson","Drone J, Camera D",Bellevue,3h
39,Schedule Plan 1,5,Scene 5,"Jamie Taylor, Jordan Davis","Drone J, Camera D",Zürich Zentrum,1h
39,Schedule Plan 2,1,Scene 1,"Morgan Lee, Jamie Taylor","Drone J, Camera D",Bellevue,3h
39,Schedule Plan 2,2,Scene 5,"Jamie Taylor, Jordan Davis","Drone J, Camera D",Zürich Zentrum,1h
39,Schedule Plan 2,3,Scene 2,"Jordan Davis, Skyler Taylor","Drone J, Camera D",Zürich Zentrum,2h
39,Schedule Plan 2,4,Scene 4,"Skyler Taylor, Casey Johnson","Drone J, Camera D",Bellevue,3h
39,Schedule Plan 2,5,Scene 3,"Casey Johnson, Morgan Lee","Drone J, Camera D",Bahnhofstrasse,1h
40,Schedule Plan 1,1,Scene 1,"Jordan Davis, Casey Johnson","Drone J, Camera D",Bellevue,3h
40,Schedule Plan 1,2,Scene 2,"Skyler Taylor, Morgan Lee","Drone J, Camera D",Zürich Zentrum,2h
40,Schedule Plan 1,3,Scene 3,"Jamie Taylor, Jordan Davis","Drone J, Camera D",Bahnhofstrasse,1h
40,Schedule Plan 1,4,Scene 4,"Casey Johnson, Skyler Taylor","Drone J, Camera D",Bellevue,3h
40,Schedule Plan 1,5,Scene 5,"Morgan Lee, Jamie Taylor","Drone J, Camera D",Zürich Zentrum,1h
40,Schedule Plan 2,1,Scene 1,"Jordan Davis, Casey Johnson","Drone J, Camera D",Bellevue,3h
40,Schedule Plan 2,2,Scene 5,"Morgan Lee, Jamie Taylor","Drone J, Camera D",Zürich Zentrum,1h
40,Schedule Plan 2,3,Scene 2,"Skyler Taylor, Morgan Lee","Drone J, Camera D",Zürich Zentrum,2h
40,Schedule Plan 2,4,Scene 4,"Casey Johnson, Skyler Taylor","Drone J, Camera D",Bellevue,3h
40,Schedule Plan 2,5,Scene 3,"Jamie Taylor, Jordan Davis","Drone J, Camera D",Bahnhofstrasse,1h
41,Schedule Plan 1,1,Scene 1,"Morgan Lee, Casey Johnson","Drone J, Camera D",Bellevue,3h
41,Schedule Plan 1,2,Scene 2,"Jordan Davis, Skyler Taylor","Drone J, Camera D",Zürich Zentrum,2h
41,Schedule Plan 1,3,Scene 3,"Casey Johnson, Jamie Taylor","Drone J, Camera D",Bahnhofstrasse,1h
41,Schedule Plan 1,4,Scene 4,"Skyler Taylor, Morgan Lee","Drone J, Camera D",Bellevue,3h
41,Schedule Plan 1,5,Scene 5,"Jamie Taylor, Jordan Davis","Drone J, Camera D",Zürich Zentrum,1h
41,Schedule Plan 2,1,Scene 1,"Morgan Lee, Casey Johnson","Drone J, Camera D",Bellevue,3h
41,Schedule Plan 2,2,Scene 5,"Jamie Taylor, Jordan Davis","Drone J, Camera D",Zürich Zentrum,1h
41,Schedule Plan 2,3,Scene 2,"Jordan Davis, Skyler Taylor","Drone J, Camera D",Zürich Zentrum,2h
41,Schedule Plan 2,4,Scene 4,"Skyler Taylor, Morgan Lee","Drone J, Camera D",Bellevue,3h
41,Schedule Plan 2,5,Scene 3,"Casey Johnson, Jamie Taylor","Drone J, Camera D",Bahnhofstrasse,1h
42,Schedule Plan 1,1,Scene 1,"Jordan Davis, Skyler Taylor","Drone J, Camera D",Bellevue,3h
42,Schedule Plan 1,2,Scene 2,"Casey Johnson, Jamie Taylor","Drone J, Camera D",Zürich Zentrum,2h
42,Schedule Plan 1,3,Scene 3,"Morgan Lee, Jordan Davis","Drone J, Camera D",Bahnhofstrasse,1h
42,Schedule Plan 1,4,Scene 4,"Skyler Taylor, Casey Johnson","Drone J, Camera D",Bellevue,3h
42,Schedule Plan 1,5,Scene 5,"Jamie Taylor, Morgan Lee","Drone J, Camera D",Zürich Zentrum,1h
42,Schedule Plan 2,1,Scene 1,"Jordan Davis, Skyler Taylor","Drone J, Camera D",Bellevue,3h
42,Schedule Plan 2,2,Scene 5,"Jamie Taylor, Morgan Lee","Drone J, Camera D",Zürich Zentrum,1h
42,Schedule Plan 2,3,Scene 2,"Casey Johnson, Jamie Taylor","Drone J, Camera D",Zürich Zentrum,2h
42,Schedule Plan 2,4,Scene 4,"Skyler Taylor, Casey Johnson","Drone J, Camera D",Bellevue,3h
42,Schedule Plan 2,5,Scene 3,"Morgan Lee, Jordan Davis","Drone J, Camera D",Bahnhofstrasse,1h
43,Schedule Plan 1,1,Scene 1,"Casey Johnson, Skyler Taylor","Drone J, Camera D",Bellevue,3h
43,Schedule Plan 1,2,Scene 2,"Jordan Davis, Jamie Taylor","Drone J, Camera D",Zürich Zentrum,2h
43,Schedule Plan 1,3,Scene 3,"Morgan Lee, Casey Johnson","Drone J, Camera D",Bahnhofstrasse,1h
43,Schedule Plan 1,4,Scene 4,"Skyler Taylor, Jordan Davis","Drone J, Camera D",Bellevue,3h
43,Schedule Plan 1,5,Scene 5,"Jamie Taylor, Morgan Lee","Drone J, Camera D",Zürich Zentrum,1h
43,Schedule Plan 2,1,Scene 1,"Casey Johnson, Skyler Taylor","Drone J, Camera D",Bellevue,3h
43,Schedule Plan 2,2,Scene 5,"Jamie Taylor, Morgan Lee","Drone J, Camera D",Zürich Zentrum,1h
43,Schedule Plan 2,3,Scene 2,"Jordan Davis, Jamie Taylor","Drone J, Camera D",Zürich Zentrum,2h
43,Schedule Plan 2,4,Scene 4,"Skyler Taylor, Jordan Davis","Drone J, Camera D",Bellevue,3h
43,Schedule Plan 2,5,Scene 3,"Morgan Lee, Casey Johnson","Drone J, Camera D",Bahnhofstrasse,1h
44,Schedule Plan 1,1,Scene 1,"Morgan Lee, Jamie Taylor","Drone J, Camera D",Bellevue,3h
44,Schedule Plan 1,2,Scene 2,"Jordan Davis, Skyler Taylor","Drone J, Camera D",Zürich Zentrum,2h
44,Schedule Plan 1,3,Scene 3,"Casey Johnson, Morgan Lee","Drone J, Camera D",Bahnhofstrasse,1h
44,Schedule Plan 1,4,Scene 4,"Skyler Taylor, Casey Johnson","Drone J, Camera D",Bellevue,3h
44,Schedule Plan 1,5,Scene 5,"Jamie Taylor, Jordan Davis","Drone J, Camera D",Zürich Zentrum,1h
44,Schedule Plan 2,1,Scene 1,"Morgan Lee, Jamie Taylor","Drone J, Camera D",Bellevue,3h
44,Schedule Plan 2,2,Scene 5,"Jamie Taylor, Jordan Davis","Drone J, Camera D",Zürich Zentrum,1h
44,Schedule Plan 2,3,Scene 2,"Jordan Davis, Skyler Taylor","Drone J, Camera D",Zürich Zentrum,2h
44,Schedule Plan 2,4,Scene 4,"Skyler Taylor, Casey Johnson","Drone J, Camera D",Bellevue,3h
44,Schedule Plan 2,5,Scene 3,"Casey Johnson, Morgan Lee","Drone J, Camera D",Bahnhofstrasse,1h
45,Schedule Plan 1,1,Scene 1,"Jordan Davis, Casey Johnson","Drone J, Camera D",Bellevue,3h
45,Schedule Plan 1,2,Scene 2,"Skyler Taylor, Morgan Lee","Drone J, Camera D",Zürich Zentrum,2h
45,Schedule Plan 1,3,Scene 3,"Jamie Taylor, Jordan Davis","Drone J, Camera D",Bahnhofstrasse,1h
45,Schedule Plan 1,4,Scene 4,"Casey Johnson, Skyler Taylor","Drone J, Camera D",Bellevue,3h
45,Schedule Plan 1,5,Scene 5,"Morgan Lee, Jamie Taylor","Drone J, Camera D",Zürich Zentrum,1h
45,Schedule Plan 2,1,Scene 1,"Jordan Davis, Casey Johnson","Drone J, Camera D",Bellevue,3h
45,Schedule Plan 2,2,Scene 5,"Morgan Lee, Jamie Taylor","Drone J, Camera D",Zürich Zentrum,1h
45,Schedule Plan 2,3,Scene 2,"Skyler Taylor, Morgan Lee","Drone J, Camera D",Zürich Zentrum,2h
45,Schedule Plan 2,4,Scene 4,"Casey Johnson, Skyler Taylor","Drone J, Camera D",Bellevue,3h
45,Schedule Plan 2,5,Scene 3,"Jamie Taylor, Jordan Davis","Drone J, Camera D",Bahnhofstrasse,1h
46,Schedule Plan 1,1,Scene 1,"Morgan Lee, Casey Johnson","Drone J, Camera D",Bellevue,3h
46,Schedule Plan 1,2,Scene 2,"Jordan Davis, Skyler Taylor","Drone J, Camera D",Zürich Zentrum,2h
46,Schedule Plan 1,3,Scene 3,"Casey Johnson, Jamie Taylor","Drone J, Camera D",Bahnhofstrasse,1h
46,Schedule Plan 1,4,Scene 4,"Skyler Taylor, Morgan Lee","Drone J, Camera D",Bellevue,3h
46,Schedule Plan 1,5,Scene 5,"Jamie Taylor, Jordan Davis","Drone J, Camera D",Zürich Zentrum,1h
46,Schedule Plan 2,1,Scene 1,"Morgan Lee, Casey Johnson","Drone J, Camera D",Bellevue,3h
46,Schedule Plan 2,2,Scene 5,"Jamie Taylor, Jordan Davis","Drone J, Camera D",Zürich Zentrum,1h
46,Schedule Plan 2,3,Scene 2,"Jordan Davis, Skyler Taylor","Drone J, Camera D",Zürich Zentrum,2h
46,Schedule Plan 2,4,Scene 4,"Skyler Taylor, Morgan Lee","Drone J, Camera D",Bellevue,3h
46,Schedule Plan 2,5,Scene 3,"Casey Johnson, Jamie Taylor","Drone J, Camera D",Bahnhofstrasse,1h
47,Schedule Plan 1,1,Scene 1,"Jordan Davis, Skyler Taylor","Drone J, Camera D",Bellevue,3h
47,Schedule Plan 1,2,Scene 2,"Casey Johnson, Jamie Taylor","Drone J, Camera D",Zürich Zentrum,2h
47,Schedule Plan 1,3,Scene 3,"Morgan Lee, Jordan Davis","Drone J, Camera D",Bahnhofstrasse,1h
47,Schedule Plan 1,4,Scene 4,"Skyler Taylor, Casey Johnson","Drone J, Camera D",Bellevue,3h
47,Schedule Plan 1,5,Scene 5,"Jamie Taylor, Morgan Lee","Drone J, Camera D",Zürich Zentrum,1h
47,Schedule Plan 2,1,Scene 1,"Jordan Davis, Skyler Taylor","Drone J, Camera D",Bellevue,3h
47,Schedule Plan 2,2,Scene 5,"Jamie Taylor, Morgan Lee","Drone J, Camera D",Zürich Zentrum,1h
47,Schedule Plan 2,3,Scene 2,"Casey Johnson, Jamie Taylor","Drone J, Camera D",Zürich Zentrum,2h
47,Schedule Plan 2,4,Scene 4,"Skyler Taylor, Casey Johnson","Drone J, Camera D",Bellevue,3h
47,Schedule Plan 2,5,Scene 3,"Morgan Lee, Jordan Davis","Drone J, Camera D",Bahnhofstrasse,1h
48,Schedule Plan 1,1,Scene 1,"Casey Johnson, Skyler Taylor","Drone J, Camera D",Bellevue,3h
48,Schedule Plan 1,2,Scene 2,"Jordan Davis, Jamie Taylor","Drone J, Camera D",Zürich Zentrum,2h
48,Schedule Plan 1,3,Scene 3,"Morgan Lee, Casey Johnson","Drone J, Camera D",Bahnhofstrasse,1h
48,Schedule Plan 1,4,Scene 4,"Skyler Taylor, Jordan Davis","Drone J, Camera D",Bellevue,3h
48,Schedule Plan 1,5,Scene 5,"Jamie Taylor, Morgan Lee","Drone J, Camera D",Zürich Zentrum,1h
48,Schedule Plan 2,1,Scene 1,"Casey Johnson, Skyler Taylor","Drone J, Camera D",Bellevue,3h
48,Schedule Plan 2,2,Scene 5,"Jamie Taylor, Morgan Lee","Drone J, Camera D",Zürich Zentrum,1h
48,Schedule Plan 2,3,Scene 2,"Jordan Davis, Jamie Taylor","Drone J, Camera D",Zürich Zentrum,2h
48,Schedule Plan 2,4,Scene 4,"Skyler Taylor, Jordan Davis","Drone J, Camera D",Bellevue,3h
48,Schedule Plan 2,5,Scene 3,"Morgan Lee, Casey Johnson","Drone J, Camera D",Bahnhofstrasse,1h
49,Schedule Plan 1,1,Scene 1,"Morgan Lee, Jamie Taylor","Drone J, Camera D",Bellevue,3h
49,Schedule Plan 1,2,Scene 2,"Jordan Davis, Skyler Taylor","Drone J, Camera D",Zürich Zentrum,2h
49,Schedule Plan 1,3,Scene 3,"Casey Johnson, Morgan Lee","Drone J, Camera D",Bahnhofstrasse,1h
49,Schedule Plan 1,4,Scene 4,"Skyler Taylor, Casey Johnson","Drone J, Camera D",Bellevue,3h
49,Schedule Plan 1,5,Scene 5,"Jamie Taylor, Jordan Davis","Drone J, Camera D",Zürich Zentrum,1h
49,Schedule Plan 2,1,Scene 1,"Morgan Lee, Jamie Taylor","Drone J, Camera D",Bellevue,3h
49,Schedule Plan 2,2,Scene 5,"Jamie Taylor, Jordan Davis","Drone J, Camera D",Zürich Zentrum,1h
49,Schedule Plan 2,3,Scene 2,"Jordan Davis, Skyler Taylor","Drone J, Camera D",Zürich Zentrum,2h
49,Schedule Plan 2,4,Scene 4,"Skyler Taylor, Casey Johnson","Drone J, Camera D",Bellevue,3h
49,Schedule Plan 2,5,Scene 3,"Casey Johnson, Morgan Lee","Drone J, Camera D",Bahnhofstrasse,1h
50,Schedule Plan 1,1,Scene 1,"Jordan Davis, Casey Johnson","Drone J, Camera D",Bellevue,3h
50,Schedule Plan 1,2,Scene 2,"Skyler Taylor, Morgan Lee","Drone J, Camera D",Zürich Zentrum,2h
50,Schedule Plan 1,3,Scene 3,"Jamie Taylor, Jordan Davis","Drone J, Camera D",Bahnhofstrasse,1h
50,Schedule Plan 1,4,Scene 4,"Casey Johnson, Skyler Taylor","Drone J, Camera D",Bellevue,3h
50,Schedule Plan 1,5,Scene 5,"Morgan Lee, Jamie Taylor","Drone J, Camera D",Zürich Zentrum,1h
50,Schedule Plan 2,1,Scene 1,"Jordan Davis, Casey Johnson","Drone J, Camera D",Bellevue,3h
50,Schedule Plan 2,2,Scene 5,"Morgan Lee, Jamie Taylor","Drone J, Camera D",Zürich Zentrum,1h
50,Schedule Plan 2,3,Scene 2,"Skyler Taylor, Morgan Lee","Drone J, Camera D",Zürich Zentrum,2h
50,Schedule Plan 2,4,Scene 4,"Casey Johnson, Skyler Taylor","Drone J, Camera D",Bellevue,3h
50,Schedule Plan 2,5,Scene 3,"Jamie Taylor, Jordan Davis","Drone J, Camera D",Bahnhofstrasse,1h
